id,date_id,owner_id,features_id,location_id,bedrooms,squareFootage,taxAssessment2021_Values,propertyTaxes2021_Total,taxAssessment2022_Values,propertyTaxes2022_Total,taxAssessment2023_Values,propertyTaxes2023_Total,bathrooms,lotSize,lastSalePrice,longitude,latitude
4588762960,1,1,1,1,2.0,1072.0,,,272101.0,5374.0,280254.0,,1.0,2269.0,0.0,-97.889553,30.245567
4588763344,2,2,2,2,3.0,1802.0,34175.0,,,1516.0,39050.0,,2.0,3571920.0,189000.0,-82.387758,36.371855
4588764208,3,3,3,3,3.0,1199.0,,,192751.0,1136.0,217321.0,,2.0,6826.0,0.0,-95.733512,29.803485
4588765072,4,4,4,4,4.0,1968.0,,,221940.0,4493.0,228590.0,4572.0,2.5,11326.0,450000.0,-123.07351,44.616687
4589028144,5,5,5,5,3.0,2227.0,,,14430.0,1753.0,14430.0,1797.0,2.0,14919.0,0.0,-89.950953,34.940001
4589028528,6,6,6,6,2.0,1149.0,,1599.0,21660.0,1571.0,26630.0,1594.0,2.0,1164.0,265000.0,-111.915184,33.665536
4589029008,7,7,7,7,4.0,2440.0,35000.0,699.0,,,435250.0,6429.0,2.0,11269.0,0.0,-95.880682,29.721438
4589029296,8,8,8,8,0.0,1362.0,,,162952.0,2558.0,,,2.0,5400.0,643000.0,-82.756962,28.18854
4589029680,9,9,9,9,4.0,3403.0,,3111.0,123206.0,,,3156.0,3.0,5663.0,478000.0,-115.072133,36.028637
4589030160,10,10,10,10,3.0,1373.0,,,,,,,1.0,10803.0,70000.0,-97.53508,35.401771
4589030544,11,11,11,11,3.0,1596.0,,,10835.0,,27654.0,1631.0,1.0,14375.0,149650.0,-85.003805,32.483794
4589030928,12,12,12,12,3.0,1320.0,73838.0,1504.0,92703.0,1658.0,107658.0,1408.0,1.0,7776.0,93300.0,-81.72666,30.404602
4589031312,13,13,13,13,3.0,1656.0,,,183540.0,3214.0,189040.0,3295.0,1.5,7250.0,400000.0,-122.479113,45.517398
4588994144,14,14,14,14,3.0,1125.0,,855.0,45002.0,842.0,930000.0,11295.0,2.0,3779.0,930000.0,-117.017705,32.766637
4589031600,15,15,15,15,3.0,1350.0,,,,,,,3.0,4640.0,79900.0,-77.572792,43.174215
4589031984,16,16,16,16,3.0,2380.0,400700.0,,514400.0,4701.0,,5329.0,2.5,6817.0,425000.0,-122.293888,48.417472
4589032368,17,17,17,17,3.0,40692.0,,,,,,,1.0,30280.0,345000.0,-73.799305,40.792124
4589032848,18,18,18,18,3.0,2293.0,,,250577.0,5717.0,275141.0,5555.0,2.0,5340.0,0.0,-106.252771,31.730992
4589033232,19,19,19,19,1.0,780.0,180000.0,2487.0,180000.0,2493.0,180000.0,1806.0,1.0,15922.0,474500.0,-118.252594,34.044864
4589033616,20,20,20,20,3.0,878.0,,,14900.0,,20600.0,,1.0,6098.0,40496.0,-82.944081,42.417281
4589034384,21,21,21,21,4.0,1248.0,189900.0,3686.0,,3796.0,247000.0,4643.0,1.0,7396.0,0.0,-97.092156,32.83643
4589034576,22,22,22,22,0.0,0.0,,,,,,,0.0,0.0,9728000.0,-122.423874,37.800207
4589035056,23,23,23,23,4.0,2687.0,,,,,491920.0,6387.0,3.0,14797.0,333000.0,-117.843329,33.966132
4589035440,24,24,24,24,2.0,2144.0,,,,,244370.0,12141.0,2.0,15246.0,100000.0,-81.534554,40.972725
4589035824,25,25,25,25,0.0,975.0,,,,,100100.0,1199.0,1.0,12497.0,140000.0,-85.855844,38.095501
4589036496,26,26,26,26,4.0,2496.0,,,,,413800.0,,3.5,8032.0,450000.0,-77.503478,38.370734
4589037552,27,27,27,27,4.0,2280.0,42157.0,4108.0,40978.0,4055.0,54310.0,4777.0,3.5,6970.0,314210.0,-105.172026,40.138891
4589037936,28,22,28,28,0.0,0.0,,,,,,,0.0,0.0,4000000.0,-87.698628,41.82519
4589038320,29,28,29,29,3.0,1278.0,,,44224.0,1996.0,114088.0,1938.0,2.0,12632.0,125000.0,-84.112758,34.203484
4589038800,30,29,30,30,3.0,1454.0,,,189870.0,5891.0,233560.0,5452.0,2.0,10680.0,0.0,-96.576454,32.758713
4589039184,31,30,31,31,4.0,1869.0,,,217228.0,2712.0,221571.0,2759.0,2.0,7895.0,150000.0,-121.368662,38.549833
4589039760,32,31,32,32,2.0,1065.0,,,270007.0,3066.0,275406.0,3258.0,2.0,4121.0,262000.0,-121.360089,38.695868
4589040144,33,32,33,33,5.0,2372.0,,,,,,,1.0,6600.0,343500.0,-122.474516,47.244502
4589140240,34,33,34,34,3.0,1361.0,25620.0,1501.0,25620.0,1581.0,,,1.0,1525.0,13000.0,-76.738089,39.95696
4589040624,35,34,35,35,3.0,3186.0,213500.0,2387.0,252600.0,2836.0,275200.0,3069.0,2.5,5750.0,0.0,-86.045283,39.502139
4589041008,36,35,36,36,4.0,1743.0,,,,,151025.0,2120.0,2.0,6500.0,269050.0,-119.671111,36.736126
4589041584,37,36,37,37,3.0,2004.0,,,486367.0,3310.0,574990.0,,2.0,13613.0,0.0,-95.405334,29.816901
4589041968,38,37,38,38,0.0,872.0,,,17610.0,142.0,,,0.0,0.0,0.0,-94.169003,31.787234
4589042352,39,38,39,39,3.0,1196.0,,646.0,45458.0,,,753.0,2.0,0.0,125000.0,-115.053707,36.129387
4587650640,40,39,40,40,2.0,1300.0,,,,,215810.0,4561.0,3.0,0.0,319500.0,-122.835106,45.42821
4592304752,41,40,41,41,0.0,1682.0,,,28700.0,766.0,39700.0,,1.5,4792.0,1000.0,-83.163829,42.365092
4592305328,42,41,42,42,2.0,1164.0,61664.0,2457.0,,,88484.0,2668.0,2.5,3446.0,127500.0,-84.605784,34.043359
4592305904,43,42,43,43,4.0,3280.0,,,2799951.0,28885.0,2883950.0,27913.0,4.0,0.0,2599000.0,-81.820275,26.29655
4592306192,44,43,44,44,2.0,823.0,,,,,,,2.0,0.0,67900.0,-80.386931,25.752396
4592306576,45,44,45,45,0.0,0.0,,,,,,,0.0,33950.0,375000.0,-87.648557,41.958162
4592306960,46,45,46,46,4.0,1097.0,,,345600.0,,,3642.0,2.0,11326.0,263000.0,-93.263852,44.7654
4592307344,47,46,47,47,3.0,1657.0,,,196062.0,4024.0,215668.0,4024.0,2.0,6155.0,0.0,-97.770679,26.211606
4592307728,48,47,48,48,4.0,3052.0,368140.0,6094.0,404950.0,,,,3.0,13162.0,0.0,-95.735856,29.730154
4592249840,49,48,49,49,2.0,1158.0,,2933.0,139936.0,1176.0,154103.0,,2.0,3520.0,0.0,-95.34551,30.036446
4592308496,50,49,50,50,4.0,2084.0,,,,,,,3.0,17424.0,159000.0,-77.769213,43.145659
4592309456,51,50,51,51,0.0,0.0,,,3300.0,394.0,3300.0,393.0,0.0,0.0,26000.0,-91.141677,30.477464
4592309936,52,51,52,52,6.0,2802.0,,,189012.0,5614.0,217860.0,5266.0,4.0,12632.0,625000.0,-84.785056,34.02817
4592310320,53,52,53,53,3.0,1866.0,,,285300.0,4478.0,,,3.0,0.0,242900.0,-74.188192,39.979338
4592311952,54,53,54,54,4.0,2696.0,,,511907.0,9230.0,527264.0,9469.0,2.0,5750.0,637500.0,-82.487311,27.879933
4592312528,55,54,55,55,5.0,4523.0,,,89740.0,10241.0,,,7.0,26223.0,1480000.0,-104.909714,39.451668
4592312720,56,22,56,56,3.0,1800.0,,,,,,,2.0,1069834.0,0.0,-97.007054,30.872631
4592453072,57,55,57,57,3.0,1566.0,,,28019.0,2744.0,38478.0,3732.0,4.0,6578.0,665000.0,-105.117606,39.850165
4592313104,58,56,58,58,0.0,1800.0,,,248148.0,2533.0,248148.0,2725.0,1.0,40075.0,72500.0,-78.588483,35.858915
4592313680,59,22,59,59,4.0,2390.0,,,,,,,3.0,6970.0,462000.0,-88.023372,43.064999
4592314064,60,57,60,60,3.0,2641.0,,,,,32930.0,1567.0,2.5,11570.0,443000.0,-86.145063,32.358409
4592314448,61,58,61,61,6.0,2445.0,,,,,,,1.0,7177.0,304000.0,-122.475958,47.245389
4592315408,62,59,62,62,3.0,1032.0,,,,,104440.0,3353.0,1.0,18731.0,140000.0,-84.058589,34.055614
4592316272,63,60,63,63,4.0,2264.0,,5718.0,,,219100.0,,2.5,13068.0,372000.0,-85.517838,42.827018
4592459632,64,61,64,64,0.0,1946.0,,,536.0,12718.0,536.0,12804.0,2.0,6000.0,472500.0,-73.500249,40.677159
4592316848,65,62,65,65,0.0,2909.0,,,569320.0,8222.0,,,0.0,11761.0,395550.0,-98.392115,30.55215
4592317232,66,63,66,66,1.0,540.0,,1804.0,80400.0,2266.0,96700.0,,1.0,0.0,80000.0,-74.516794,41.186233
4592317616,67,64,67,67,3.0,1278.0,,,87780.0,1838.0,116152.0,1942.0,2.0,7830.0,132900.0,-84.557685,33.880528
4592318000,68,65,51,68,3.0,2787.0,17815.0,,17815.0,1242.0,17815.0,2167.0,2.0,11761.0,260000.0,-90.393388,30.484825
4592318288,69,66,68,69,2.0,1530.0,,,1218406.0,15442.0,,,2.0,760.0,928000.0,-122.161283,37.442862
4592319152,70,67,69,70,4.0,1512.0,,,,6253.0,187500.0,,2.0,10001.0,295000.0,-74.633409,39.422934
4592319536,71,68,70,71,3.0,2153.0,,,211130.0,3234.0,,,3.0,14000.0,0.0,-96.53836,29.717933
4592320304,72,69,71,72,4.0,2607.0,,,,,299245.0,6527.0,3.0,7239.0,263002.0,-118.011508,34.569703
4592648528,73,70,72,73,4.0,3555.0,,,305200.0,2704.0,305200.0,2704.0,2.5,11326.0,246000.0,-79.699663,36.040759
4592649776,74,71,73,74,0.0,1477.0,,,172020.0,,,,0.0,10411.0,0.0,-96.479979,32.106876
4592650256,75,72,74,75,3.0,1064.0,,417.0,9610.0,,9800.0,487.0,1.0,8843.0,0.0,-94.492959,37.087901
4592650736,76,73,75,76,0.0,1760.0,,,,,337500.0,2588.0,2.5,11101.0,140000.0,-76.529623,39.401495
4592651312,77,22,76,77,3.0,1610.0,,,,,,,2.0,11870.0,85000.0,-122.316574,47.079037
4592651696,78,74,77,78,0.0,1136.0,,4201.0,105300.0,,,,0.0,0.0,170000.0,-75.033603,40.00831
4592652176,79,75,78,79,4.0,2674.0,,,326831.0,196.0,343697.0,,2.5,8050.0,0.0,-95.601068,29.85611
4592652560,80,76,79,80,4.0,2720.0,,,22929.0,1543.0,33236.0,,2.5,6808.0,188000.0,-111.59751,33.180044
4592652944,81,22,80,81,4.0,3978.0,77857.0,5393.0,,,,,3.5,9148.0,0.0,-90.70445,38.727866
4592653424,82,77,81,82,3.0,1346.0,,2501.0,25670.0,,31950.0,2859.0,3.0,5360.0,350000.0,-104.743036,39.779296
4592338512,83,78,43,83,0.0,2053.0,,,,,20550.0,1649.0,0.0,0.0,200000.0,-91.060283,30.431638
4592653904,84,79,82,84,3.0,890.0,,,,,136830.0,3411.0,1.0,5358.0,0.0,-98.525328,29.382038
4592654288,85,80,51,85,0.0,0.0,186730.0,,196066.0,13771.0,,,0.0,0.0,542935.0,-88.202622,41.696915
4592654672,86,81,83,86,0.0,3848.0,,,1474.0,15535.0,1562.0,18191.0,5.0,14985.0,50000.0,-73.733388,40.792361
4592338736,87,82,84,87,4.0,5091.0,135730.0,8155.0,135730.0,8223.0,,,5.0,15246.0,675000.0,-90.516513,38.63443
4592655248,88,83,85,88,3.0,1607.0,66390.0,,81380.0,3860.0,,,2.0,11500.0,289900.0,-82.797136,39.846414
4592655632,89,84,86,89,4.0,3760.0,,,,,168199.0,14750.0,3.0,35719.0,330000.0,-88.331398,42.233523
4592690208,90,85,87,90,5.0,4324.0,,,,,540100.0,7550.0,3.5,17424.0,425000.0,-88.084706,42.546965
4592339072,91,86,88,91,2.0,1316.0,,,,,335242.0,3382.0,2.0,15120.0,171000.0,-81.799426,26.329198
4592657264,92,87,89,92,0.0,1220.0,,,,,196533.0,1600.0,1.0,5040.0,125000.0,-76.757907,39.349762
4592657648,93,88,90,93,4.0,2128.0,93590.0,6228.0,93590.0,6166.0,,,2.5,0.0,239900.0,-82.930881,40.156061
4592658032,94,89,91,94,3.0,1288.0,,,201393.0,2578.0,,,1.5,13286.0,375000.0,-78.906179,36.026286
4592659088,95,22,59,95,2.0,832.0,,,,,,,1.0,12000.0,130000.0,-154.990276,19.528173
4592659472,96,90,92,96,0.0,2448.0,,,,274.0,,2725.0,0.0,7875.0,431182.0,-111.577911,33.244393
4592659760,97,91,93,97,3.0,1774.0,,,300900.0,3742.0,,,2.0,25744.0,371000.0,-121.561087,39.064027
4592696928,98,92,94,98,6.0,1468.0,,,,,259837.0,3779.0,3.0,11587.0,228000.0,-97.094029,40.92178
4592660528,99,93,95,99,4.0,2678.0,,2657.0,,,878300.0,2458.0,3.0,1003.0,880000.0,-75.143147,39.963619
4592339520,100,94,96,100,2.0,830.0,,,166780.0,3769.0,199530.0,4365.0,1.0,0.0,97000.0,-80.309749,25.991234
4592661296,101,95,97,101,3.0,2426.0,,,,,895099.0,10517.0,2.0,5000.0,655000.0,-121.451786,38.569663
4592661680,102,96,98,102,3.0,1359.0,,,90451.0,1451.0,236195.0,2322.0,2.0,12358.0,330000.0,-81.951433,28.004237
4592662064,103,97,99,103,4.0,4111.0,,5271.0,,,124900.0,5271.0,3.5,16988.0,489900.0,-87.285461,36.554801
4592662736,104,98,100,104,4.0,1870.0,,,,,217745.0,3101.0,2.0,8276.0,0.0,-112.099713,40.69932
4592663312,105,99,101,105,4.0,2181.0,,,,,,,2.0,34412.0,225000.0,-71.915628,41.748388
4592663696,106,100,102,106,4.0,2992.0,,,,,880740.0,9939.0,2.5,10869.0,161000.0,-77.281551,38.829494
4592664080,107,101,103,107,4.0,2676.0,,,778386.0,9152.0,793953.0,9435.0,3.0,7126.0,558000.0,-118.809027,34.144201
4592976304,108,102,104,108,4.0,1356.0,,,,,141051.0,2589.0,2.0,7254.0,83000.0,-119.623906,36.565938
4592340192,109,103,105,109,3.0,2071.0,,,264876.0,2828.0,272822.0,3122.0,2.0,7697.0,296000.0,-85.896024,30.229644
4592976976,110,104,106,110,3.0,1606.0,131560.0,928.0,,1181.0,180305.0,1181.0,2.0,18295.0,239000.0,-77.326774,34.730554
4592977456,111,105,107,111,3.0,1112.0,,,326800.0,2181.0,306900.0,993.0,2.0,8276.0,0.0,-116.612347,43.70626
4592977936,112,106,108,112,4.0,2852.0,195902.0,13220.0,,,229443.0,14021.0,3.5,16030.0,537000.0,-84.421028,39.139503
4592978608,113,107,109,113,0.0,720.0,,,100909.0,1731.0,119614.0,,0.0,9165.0,0.0,-97.930891,30.378133
4592978992,114,108,110,114,3.0,1827.0,,,40000.0,944.0,,944.0,2.0,4386.0,157000.0,-76.680119,39.353283
4592979568,115,109,111,115,2.0,1948.0,,,,,,,1.0,7760.0,29000.0,-80.218935,25.894064
4592979952,116,110,112,116,4.0,1918.0,,5410.0,270300.0,,,,2.5,0.0,268000.0,-91.55375,41.702366
4592980336,117,111,113,117,0.0,2586.0,,,,,753.0,16171.0,3.0,8064.0,755000.0,-73.671129,40.691568
4592980720,118,112,114,118,4.0,2290.0,,,184800.0,5367.0,184800.0,4914.0,2.5,11326.0,274500.0,-84.095914,34.058909
4592980912,119,113,115,119,2.0,918.0,116144.0,27801.0,,,,,2.0,23408.0,1417500.0,-73.988899,40.70198
4592981296,120,114,116,120,0.0,2056.0,30370.0,,,,,2092.0,3.0,8500.0,385000.0,-111.803661,33.297711
4592981872,121,22,51,121,4.0,5509.0,,,,,,,4.5,288367.0,300000.0,-82.568028,28.119265
4592982256,122,115,117,122,3.0,2144.0,,2838.0,270900.0,3133.0,299500.0,,2.5,12197.0,0.0,-86.100254,40.0355
4592982640,123,116,118,123,2.0,841.0,,,,,18500.0,471.0,1.0,37500.0,190000.0,-87.686785,30.275539
4592983024,124,117,119,124,4.0,1576.0,,,,,199190.0,2403.0,2.0,6000.0,165000.0,-121.304287,38.717658
4592983312,125,118,120,125,3.0,1784.0,,,,,420200.0,5156.0,2.0,7061.0,335000.0,-71.151331,41.679949
4592983696,126,119,121,126,4.0,2723.0,,,,,672432.0,8794.0,3.0,7556.0,603000.0,-121.74838,37.932733
4592984080,127,120,122,127,3.0,1402.0,180800.0,,194900.0,1816.0,225700.0,2046.0,2.0,11182.0,158411.0,-84.585283,38.211415
4593129856,128,121,123,128,3.0,1625.0,,,58200.0,2473.0,58200.0,2491.0,2.5,3920.0,180000.0,-75.686747,39.704061
4592984752,129,122,124,129,0.0,1040.0,,6565.0,228600.0,,,,0.0,3925.0,82378.0,-74.488333,40.79726
4592985136,130,123,125,130,2.0,1320.0,670000.0,,837000.0,7307.0,,,1.5,3220.0,353500.0,-122.296563,47.702706
4592985616,131,124,126,131,3.0,1295.0,,,,,145503.0,728.0,0.0,129373.0,134000.0,-78.95569,36.816544
4592987920,132,125,127,132,5.0,5048.0,,,5700000.0,67099.0,5814000.0,70318.0,5.0,10891.0,5700057.0,-118.453541,34.005057
4592988784,133,126,128,133,4.0,2876.0,,,534444.0,8271.0,623341.0,,3.0,0.0,0.0,-96.761176,33.071357
4592989072,49,127,129,134,2.0,1504.0,,,195570.0,3391.0,201430.0,3640.0,2.0,0.0,240000.0,-80.163362,26.22223
4592989744,134,128,130,135,0.0,1682.0,,,,,,2424.0,3.0,8180.0,0.0,-104.837479,41.178728
4592990800,135,129,131,136,4.0,2460.0,,,41760.0,6996.0,,,2.5,15682.0,205600.0,-75.124963,40.25524
4592991184,136,130,132,137,1.0,1512.0,,,,,41280.0,554.0,1.0,5005.0,1000.0,-85.782895,38.241612
4592991664,137,131,133,138,3.0,1944.0,,,,,602420.0,6798.0,3.5,3135.0,640000.0,-77.402156,38.860386
4592992144,138,132,134,139,3.0,1358.0,,,,,95520.0,3507.0,1.5,11718.0,59100.0,-76.71856,40.062667
4593336752,139,133,135,140,3.0,964.0,,,275000.0,,,3467.0,1.0,4792.0,275000.0,-93.260881,44.927296
4593337328,140,134,136,141,3.0,1496.0,,,85180.0,6155.0,,,2.0,6000.0,152000.0,-80.197975,26.171063
4593338384,141,135,137,142,3.0,2246.0,201480.0,3357.0,246860.0,3386.0,262250.0,6076.0,2.5,46696.0,0.0,-95.440628,30.24906
4593338960,142,136,138,143,2.0,1568.0,,,37525.0,162.0,101751.0,1924.0,2.0,822761.0,17300.0,-82.792842,27.887262
4593339248,143,137,139,144,3.0,2200.0,,,75080.0,3511.0,,,2.0,4356.0,189900.0,-84.225207,31.59804
4593339440,144,22,59,145,3.0,696.0,,,,,,,1.0,0.0,35000.0,-94.204765,42.515354
4593339824,145,138,140,146,3.0,4096.0,221745.0,6406.0,283995.0,6631.0,268894.0,6142.0,2.0,4530.0,0.0,-96.462097,32.687128
4593340208,146,139,141,147,3.0,1904.0,,,31290.0,5361.0,31290.0,5361.0,3.0,6970.0,530000.0,-80.13739699999999,40.703544
4593340784,66,140,142,148,0.0,1423.0,,1171.0,28770.0,1080.0,39570.0,1135.0,2.0,6768.0,115000.0,-111.893363,33.470962
4592342992,147,22,143,149,3.0,1676.0,,,,,,,2.0,0.0,299900.0,-78.672254,33.822119
4593342224,148,141,144,150,3.0,1649.0,,,,,,,2.0,8059.0,147700.0,-81.420993,28.320012
4593342704,149,142,145,151,3.0,1064.0,,,93600.0,7068.0,,,1.0,9148.0,345000.0,-87.99033,41.88343
4593317760,150,143,146,152,3.0,1617.0,,,45000.0,1691.0,,1712.0,1.5,3929.0,32000.0,-80.042557,42.112669
4593343472,151,144,147,153,2.0,1181.0,,,81156.0,612.0,83591.0,648.0,2.0,8360.0,67500.0,-81.022553,29.185703
4592343888,152,145,148,154,1.0,733.0,,,214346.0,3143.0,218632.0,3254.0,1.0,169943.0,160000.0,-118.096281,34.039713
4593344432,153,146,149,155,3.0,2961.0,,,,,45160.0,1893.0,2.0,35480.0,200000.0,-86.152607,32.355799
4593345200,154,147,150,156,4.0,2026.0,163082.0,,167974.0,2392.0,173013.0,3455.0,2.0,15920.0,480000.0,-81.469389,28.684663
4593345488,10,148,151,157,0.0,3042.0,,,,,,,0.0,5162.0,590000.0,-74.048478,40.801587
4593345776,155,149,152,158,3.0,1708.0,,,,,,,2.0,11325.0,175000.0,-88.202558,43.031965
4593346064,156,150,153,159,4.0,2316.0,,,,,,,3.0,5619.0,0.0,-106.565461,31.883909
4593346352,157,151,154,160,4.0,3748.0,,,393500.0,5061.0,,,2.0,0.0,393500.0,-82.622429,38.441398
4593346832,158,152,155,161,4.0,1988.0,,3491.0,28400.0,,35450.0,4366.0,2.5,8590.0,239167.0,-104.747408,39.7826
4593347408,159,153,156,162,3.0,1250.0,66600.0,2001.0,78520.0,2381.0,,,2.0,25700.0,299900.0,-83.965123,33.515629
4593347792,160,154,157,163,4.0,2675.0,,,279268.0,3612.0,284852.0,3670.0,3.0,8255.0,127001.0,-118.05526,33.854262
4593348272,161,155,158,164,1.0,2286.0,,,236290.0,2089.0,253000.0,,1.0,6900.0,0.0,-95.321167,29.908499
4593348464,162,156,159,165,3.0,1099.0,,877.0,14225.0,867.0,14225.0,,1.5,8799.0,79000.0,-89.921192,35.089181
4593348848,163,157,160,166,3.0,1317.0,183370.0,,,2831.0,,,2.0,3485.0,290000.0,-122.895689,42.313948
4593349424,164,158,161,167,3.0,1040.0,,,612810.0,7007.0,632620.0,7139.0,2.5,9340.0,500000.0,-77.316729,38.789741
4593349904,165,159,162,168,1.0,637.0,,,5968.0,702.0,6267.0,770.0,1.0,5401.0,40000.0,-97.566984,35.492045
4593350384,166,160,163,169,3.0,1628.0,,,,,453700.0,4721.0,3.5,3311.0,359000.0,-77.55836,38.739596
4593350864,167,161,164,170,3.0,1687.0,55775.0,,55775.0,1815.0,77000.0,2506.0,3.0,10890.0,375000.0,-86.70658,36.050331
4593351536,168,162,165,171,3.0,1130.0,,,150951.0,1932.0,150951.0,1977.0,1.5,20038.0,119000.0,-78.886209,35.942136
4593351920,169,163,166,172,3.0,2956.0,143960.0,,143960.0,9866.0,,,2.5,11064.0,313937.0,-83.175812,40.040985
4593352496,170,164,167,173,0.0,2388.0,32265.0,,32265.0,353256.0,32265.0,3533.0,0.0,43560.0,298000.0,-90.110768,30.397624
4593664240,171,165,168,174,3.0,2740.0,,,,5723.0,152740.0,6004.0,3.0,836.0,654061.0,-75.38753,40.347515
4593664720,172,166,169,175,3.0,1880.0,169865.0,,174961.0,3251.0,180210.0,3412.0,2.0,0.0,195000.0,-82.35813,27.906158
4593665200,173,167,170,176,3.0,1572.0,,,,,35185.0,1445.0,1.0,35284.0,62000.0,-82.380849,41.366327
4593665584,174,168,171,177,4.0,2084.0,238900.0,3007.0,271200.0,3462.0,306300.0,3814.0,2.5,14375.0,0.0,-86.048889,40.034232
4593665872,175,169,172,178,3.0,2145.0,,,702738.0,9234.0,,,2.0,108256.0,420004.0,-117.95933,33.961797
4593666256,176,170,173,179,1.0,575.0,,,,,231600.0,2390.0,1.0,0.0,260000.0,-71.232674,42.407233
4593667408,177,171,174,180,2.0,936.0,,,,,369789.0,4979.0,1.0,4569.0,325000.0,-118.296094,33.947157
4593667792,178,172,175,181,0.0,1816.0,,,,2032.0,22156.0,2016.0,2.0,8627.0,104900.0,-110.779149,32.180036
4593668176,179,173,176,182,0.0,2622.0,,16368.0,398900.0,17699.0,398900.0,,0.0,0.0,405000.0,-74.252213,40.812367
4593718960,180,174,177,183,0.0,1550.0,,6908.0,211700.0,6882.0,211700.0,,0.0,21300.0,47000.0,-74.679032,40.249725
4593669712,181,175,178,184,3.0,1096.0,,,,2045.0,145980.0,,2.0,7802.0,0.0,-96.633547,28.635863
4593670000,182,176,179,185,3.0,1544.0,,,385724.0,7606.0,393438.0,7772.0,2.0,7366.0,373500.0,-116.962787,33.959844
4593670384,183,177,180,186,3.0,1381.0,,,412000.0,4677.0,450500.0,4687.0,3.0,7662.0,480000.0,-77.369575,38.635126
4593670960,184,178,181,187,0.0,1718.0,,,43241.0,1059.0,,,2.0,20038.0,104000.0,-85.124058,34.264362
4593671728,185,179,182,188,5.0,4614.0,,,,,773874.0,8455.0,3.0,25700.0,785000.0,-78.551087,35.953566
4593672016,186,180,183,189,3.0,2162.0,,,637200.0,6206.0,,,2.5,3920.0,261000.0,-122.233632,47.847305
4593672496,187,181,184,190,3.0,1008.0,,,,,,,1.0,8712.0,172000.0,-72.864024,41.275577
4593672880,188,182,185,191,3.0,1744.0,,,228550.0,6193.0,232820.0,,1.0,6534.0,170000.0,-98.536241,29.455237
4593673360,189,183,186,192,4.0,1796.0,,,,,236804.0,3305.0,2.0,7058.0,205000.0,-121.750979,36.764202
4593673840,190,184,187,193,4.0,1578.0,,,348370.0,5356.0,418470.0,6277.0,2.0,6000.0,131250.0,-80.187531,25.974787
4593674704,191,185,188,194,0.0,2352.0,298200.0,,302900.0,3411.0,307600.0,2389.0,3.5,4552.0,411000.0,-76.448695,39.341764
4593675184,192,186,189,195,3.0,1127.0,,,253400.0,,278100.0,3265.0,2.0,1742.0,98500.0,-93.443607,45.106112
4593675472,193,187,190,196,3.0,1686.0,,,,1998.0,94836.0,,1.0,15002.0,0.0,-96.699658,30.543131
4593675952,194,188,191,197,4.0,2772.0,,7349.0,356950.0,,392645.0,6834.0,3.0,7704.0,0.0,-95.768332,29.753031
4593676624,195,189,192,198,3.0,1210.0,,,214610.0,2948.0,206360.0,,1.5,6970.0,0.0,-112.026074,40.642032
4593676912,196,190,193,199,0.0,840.0,,,6740.0,209.0,,,1.0,8000.0,13786.0,-86.460557,32.457199
4593677296,197,191,194,200,2.0,896.0,,,,,342200.0,4004.0,1.0,9744.0,420500.0,-71.147382,42.729342
4593678160,198,192,195,201,3.0,1582.0,,,,,,,2.0,0.0,194000.0,-81.084579,29.181634
4593678832,199,193,196,202,3.0,1948.0,,,469400.0,,,4679.0,1.5,11326.0,134500.0,-122.856442,47.016436
4593679312,200,194,197,203,3.0,840.0,,,,,108515.0,1906.0,1.0,17394.0,81000.0,-117.724748,34.046344
4593679984,201,195,198,204,4.0,5239.0,,,,,39870.0,6246.0,3.0,0.0,0.0,-90.291745,32.227171
4593917088,202,196,199,205,6.0,3132.0,,,12200.0,2022.0,,,3.0,40946.0,305000.0,-82.202012,34.979477
4594024496,203,197,200,206,3.0,1242.0,,2432.0,215500.0,,232900.0,2931.0,1.0,20517.0,145700.0,-86.152683,39.676459
4594024880,204,198,201,207,4.0,1918.0,,,,932.0,73940.0,,2.5,5600.0,37000.0,-90.203835,41.833245
4594025360,205,199,202,208,4.0,4299.0,,9432.0,543050.0,,597355.0,7676.0,4.0,10042.0,0.0,-95.796426,29.727699
4594025744,206,200,203,209,3.0,1008.0,,,,,,,1.0,3125.0,55000.0,-87.639353,41.472329
4593920848,207,201,204,210,3.0,1450.0,,,,,,,1.0,3780.0,64000.0,-78.851353,42.917995
4594026992,208,202,205,211,2.0,1562.0,,,33290.0,2563.0,,,1.5,7902.0,150000.0,-90.326445,38.672497
4594027376,209,203,206,212,3.0,2094.0,,,1501081.0,18206.0,1531102.0,18705.0,2.0,12000.0,1400000.0,-117.251111,32.841599
4592346464,210,204,207,213,3.0,1448.0,,,224272.0,3709.0,278075.0,2949.0,2.0,10084.0,0.0,-97.231677,32.861897
4594028432,211,205,208,214,5.0,2987.0,,1541.0,52475.0,,52475.0,,3.0,12670.0,230000.0,-86.792363,35.452432
4594028816,96,206,209,215,4.0,2027.0,,,336446.0,4039.0,348912.0,4183.0,3.0,12632.0,445000.0,-81.44487,29.932523
4594029968,212,207,210,216,3.0,1404.0,,3667.0,111770.0,3748.0,111770.0,3878.0,1.5,1810.0,109000.0,-75.309207,40.082966
4594030544,213,208,211,217,5.0,1966.0,,,696600.0,4956.0,,4583.0,3.0,17424.0,0.0,-116.227785,43.593815
4594031120,214,209,212,218,0.0,2031.0,,,,4887.0,501533.0,,2.5,10000.0,440000.0,-77.060536,39.168209
4594031600,215,210,213,219,4.0,6818.0,,,1590000.0,9403.0,1454047.0,,5.0,40981.0,0.0,-95.159014,30.027055
4594032368,216,211,214,220,3.0,2100.0,,,,,1824885.0,22298.0,2.0,7800.0,1702017.0,-118.331753,34.057568
4594032944,217,212,215,221,0.0,1977.0,,,567100.0,11268.0,,,0.0,20038.0,675000.0,-74.473059,40.649464
4594033328,218,213,216,222,3.0,1136.0,,,755000.0,9917.0,770100.0,10080.0,2.0,6969.0,755000.0,-122.490312,38.313
4594033904,219,214,217,223,4.0,1812.0,,,166024.0,2680.0,171005.0,2848.0,2.0,12690.0,143000.0,-82.517455,28.057796
4592348256,220,215,218,224,3.0,1543.0,,,,,366136.0,4330.0,2.5,2733.0,243000.0,-117.995534,33.691264
4594034576,221,216,219,225,4.0,1841.0,,,256802.0,3192.0,269044.0,3376.0,2.0,7954.0,244990.0,-81.570994,28.258603
4594035536,222,217,220,226,3.0,1923.0,,4223.0,132240.0,,132240.0,5039.0,1.5,4356.0,99000.0,-84.038349,33.9386
4594036400,223,218,221,227,3.0,1104.0,,,211300.0,4006.0,303200.0,5036.0,2.0,4400.0,249000.0,-71.426987,41.864305
4594037552,224,219,222,228,5.0,2836.0,,,342000.0,3567.0,385600.0,,3.5,8999.0,339795.0,-86.06796,39.581127
4594037936,225,220,223,229,5.0,5522.0,,,283760.0,4071.0,345440.0,4710.0,4.5,15360.0,799000.0,-84.563428,34.128268
4592348928,226,221,224,230,2.0,1095.0,,,167198.0,2290.0,202441.0,2298.0,3.0,866.0,93400.0,-81.306578,28.776787
4594038608,227,222,225,231,0.0,2422.0,,,398927.0,6802.0,472511.0,7533.0,2.0,7819.0,365000.0,-80.141576,26.518289
4594039472,228,223,226,232,2.0,1166.0,,,,,,,2.5,1947.0,545780.0,-80.27588,40.182964
4594039856,229,224,227,233,4.0,1869.0,,,,4770.0,446400.0,4966.0,4.0,0.0,331000.0,-93.657915,45.171263
4592349712,230,225,228,234,3.0,924.0,,,,,,,2.0,10058.0,259900.0,-77.582075,38.280908
4594040720,231,226,229,235,4.0,2264.0,88522.0,2315.0,97572.0,,,2456.0,2.5,4356.0,275000.0,-115.267891,36.2313
4594385232,232,227,230,236,3.0,1130.0,,,,,672500.0,5359.0,2.0,7405.0,83000.0,-122.241549,47.810363
4594385616,233,228,231,237,3.0,1744.0,20999.0,4223.0,20999.0,4319.0,,,2.0,3750.0,130000.0,-87.714327,41.84046
4594386000,92,229,232,238,4.0,2102.0,75700.0,695.0,,,,3572.0,2.0,1307.0,165000.0,-76.892233,40.271467
4594386480,234,230,233,239,2.0,1396.0,39771.0,,,741.0,48928.0,763.0,2.5,1742.0,152499.0,-115.101126,36.119767
4594341792,235,231,234,240,4.0,1544.0,,,,,42351.0,4379.0,3.5,6186.0,655000.0,-105.068079,40.061989
4594342432,236,232,235,241,4.0,2486.0,,,1180872.0,12484.0,,,3.0,5100.0,917000.0,-117.808352,33.67487
4594387056,68,233,236,242,6.0,1835.0,,,,,398200.0,4135.0,3.0,12503.0,0.0,-112.041156,41.231578
4594387536,237,234,237,243,4.0,2367.0,,,31690.0,5437.0,43780.0,7192.0,3.0,3659.0,625600.0,-105.043244,39.49572
4594387920,238,235,238,244,4.0,1512.0,,,120249.0,1613.0,94124.0,,2.0,13068.0,114000.0,-82.404558,28.560926
4594388304,239,236,239,245,3.0,1419.0,,,,,343132.0,4161.0,2.0,7405.0,246500.0,-121.250948,38.682398
4594388592,240,237,240,246,3.0,2198.0,,3954.0,381100.0,,,,2.0,6534.0,0.0,-85.864427,39.245139
4594389264,241,238,241,247,3.0,2460.0,6660.0,,,1712.0,6664.0,1731.0,2.0,9583.0,125000.0,-80.895077,34.149095
4594389744,242,239,242,248,0.0,3343.0,,,,6748.0,345900.0,,0.0,21780.0,23000.0,-76.036097,41.007475
4594390128,243,22,59,249,3.0,1140.0,,,,,,,1.0,19994.0,65000.0,-84.276304,39.110502
4594390704,172,240,243,250,4.0,1610.0,,,,,312648.0,8222.0,2.0,13692.0,114000.0,-80.178706,25.874534
4594390992,115,241,244,251,4.0,1200.0,,,,,580139.0,6700.0,2.0,7245.0,430000.0,-117.961152,33.811314
4594391376,244,242,245,252,3.0,1118.0,,,190000.0,4703.0,228880.0,,2.0,8843.0,0.0,-98.564392,29.541766
4594391856,245,243,246,253,0.0,3453.0,,,539749.0,5577.0,539749.0,5941.0,3.0,12197.0,527000.0,-78.952355,35.680899
4594392336,246,244,247,254,2.0,942.0,,1513.0,26660.0,,27770.0,1633.0,1.0,6250.0,104000.0,-105.040731,39.786467
4594392720,247,245,248,255,4.0,1870.0,,,,,254970.0,504.0,2.0,7003.0,0.0,-96.77029,32.616828
4594393008,248,246,249,256,3.0,1098.0,130300.0,,,3656.0,,,1.0,5760.0,146800.0,-87.943858,42.974663
4594394064,249,247,250,257,2.0,1018.0,48000.0,,49770.0,4174.0,,,1.0,3920.0,51500.0,-88.235711,41.738745
4594394640,250,248,251,258,3.0,1344.0,62580.0,,62580.0,3830.0,93490.0,4968.0,2.5,9409.0,150900.0,-82.776376,39.995388
4594395024,251,249,252,259,3.0,1815.0,,,147750.0,1859.0,152180.0,2080.0,2.0,9101.0,135000.0,-82.630207,28.266933
4594395504,252,250,253,260,3.0,1344.0,,,,,207000.0,1902.0,1.5,4000.0,230000.0,-76.522478,39.270664
4594395888,253,251,254,261,4.0,1814.0,,,219300.0,2469.0,221300.0,1903.0,3.0,7250.0,149900.0,-76.52875,39.358237
4594396368,254,252,255,262,0.0,1148.0,,,7500.0,,,,0.0,4792.0,300000.0,-90.113128,38.590931
4594397040,255,253,256,263,0.0,682.0,,,21170.0,2165.0,,,1.0,5120.0,28000.0,-90.584694,41.476226
4594541360,256,254,257,264,3.0,1244.0,,,11892.0,1584.0,12487.0,1687.0,1.0,8407.0,25000.0,-95.879214,36.082468
4594397616,257,255,258,265,3.0,1852.0,,,440805.0,9775.0,502838.0,10791.0,2.0,7808.0,9600.0,-80.207219,25.9628
4594542720,258,256,259,266,0.0,1704.0,,,,,46260.0,4576.0,0.0,1800.0,382000.0,-73.924856,40.586702
4594398000,259,257,260,267,3.0,1715.0,,,,,171600.0,,3.5,10629.0,286500.0,-85.557891,42.958015
4594398384,260,258,261,268,5.0,3099.0,113383.0,3017.0,121186.0,3258.0,132913.0,3356.0,3.0,6098.0,327000.0,-115.273945,36.20129
4594398576,261,22,59,269,3.0,1000.0,,,,,,,1.0,4792.0,118000.0,-87.935571,42.974866
4594398960,262,259,262,270,3.0,1436.0,,,,,,,1.0,2808.0,210000.0,-75.402478,40.624203
4594400112,263,260,263,271,3.0,1536.0,,,78920.0,1998.0,95240.0,1860.0,2.0,13068.0,90000.0,-84.231132,33.777671
4594547120,264,261,264,272,4.0,1176.0,,,350000.0,4659.0,361000.0,4836.0,2.0,6534.0,0.0,-111.953058,41.20183
4594400880,265,262,265,273,4.0,1485.0,,,262988.0,3371.0,826200.0,9707.0,2.0,9326.0,810008.0,-117.787013,34.107827
4594548480,266,263,266,274,2.0,1299.0,,,166430.0,4178.0,166430.0,3819.0,1.0,7756.0,0.0,-96.685829,32.749084
4594746064,267,264,267,275,5.0,3438.0,,,,,464633.0,6279.0,5.0,8507.0,252000.0,-118.242849,34.116364
4594746256,268,265,268,276,0.0,1430.0,,,,,23570.0,1548.0,0.0,0.0,0.0,-94.821707,39.804434
4594746640,269,266,269,277,4.0,2120.0,,,,,111130.0,5179.0,2.5,9583.0,240100.0,-82.987789,40.059262
4594747120,6,267,270,278,0.0,1496.0,94898.0,2965.0,,,140189.0,3878.0,1.0,6957.0,0.0,-106.426194,31.860256
4594747504,270,268,271,279,3.0,882.0,,,,,37160.0,2022.0,1.5,7303.0,90000.0,-84.289483,39.554193
4594747888,271,269,272,280,2.0,1500.0,38574.0,7782.0,38574.0,7961.0,,,2.0,28476.0,325000.0,-87.68745,41.934239
4594748272,272,270,273,281,5.0,2810.0,,,417670.0,8222.0,430200.0,8305.0,3.5,10298.0,393700.0,-82.42289,27.492178
4594748656,273,271,274,282,2.0,916.0,,,161800.0,1561.0,234981.0,2268.0,1.5,335978.0,148000.0,-80.853014,35.195754
4594749040,274,272,275,283,3.0,1470.0,33912.0,1091.0,38258.0,1178.0,54058.0,1637.0,1.5,20193.0,67900.0,-82.19881,33.453943
4594749232,275,22,143,284,2.0,884.0,,,,,,,1.0,0.0,447975.0,-120.053309,47.8361
4594749712,276,273,276,285,5.0,3793.0,,,457057.0,2776.0,487682.0,,3.5,11308.0,0.0,-95.597052,29.847854
4594770176,277,274,207,286,3.0,1509.0,,,199827.0,5038.0,217681.0,3554.0,2.0,8982.0,0.0,-97.386032,32.877465
4594750384,278,275,277,287,0.0,1505.0,,,,,49800.0,,1.5,4792.0,28900.0,-83.176628,42.419231
4594750864,279,276,242,288,0.0,1472.0,,,,,9440.0,1129.0,0.0,6840.0,44000.0,-77.39558,40.572303
4594751728,280,277,278,289,3.0,1894.0,,6749.0,300762.0,,356138.0,,2.0,8800.0,0.0,-97.296312,32.535796
4594752112,281,278,279,290,0.0,950.0,,,,168.0,,,1.0,7405.0,71000.0,-83.32365,42.303001
4594752592,282,279,280,291,4.0,2468.0,,,,,417490.0,6888.0,3.0,11730.0,0.0,-96.676788,32.935157
4594753072,283,280,281,292,2.0,1129.0,,,,,54775.0,3356.0,1.0,6229.0,156500.0,-84.600228,39.155963
4594753552,284,281,282,293,3.0,2096.0,,,257800.0,2207.0,289352.0,,2.5,4400.0,0.0,-95.462557,30.087297
4594754032,285,282,283,294,0.0,3350.0,,,,5540.0,224400.0,5837.0,4.0,9322.0,401000.0,-82.967133,42.65731
4594754320,286,283,284,295,3.0,4835.0,,,77670.0,4023.0,,,2.5,28980.0,330000.0,-79.062718,40.160497
4594754992,287,284,285,296,3.0,1638.0,257455.0,4444.0,265178.0,4411.0,,,1.0,7040.0,325000.0,-80.301508,25.810402
4594755184,288,22,51,297,4.0,2094.0,,,,,,,2.0,39640.0,469815.0,-110.929944,31.95995
4594756336,289,285,286,298,0.0,1564.0,,,,3187.0,292200.0,,3.0,2154.0,278400.0,-77.237813,39.151733
4594757104,290,286,287,299,3.0,1200.0,,,,,,,2.0,6534.0,400000.0,-82.492615,35.549342
4594757488,291,287,288,300,3.0,1130.0,17232.0,,16750.0,1582.0,22733.0,1739.0,2.0,4792.0,317000.0,-105.044012,40.550598
4594758064,292,288,289,301,0.0,907.0,,,,2331.0,212500.0,,2.0,27900.0,176900.0,-76.35172,39.444613
4594758352,293,289,290,302,3.0,2034.0,,,174280.0,4783.0,255300.0,,1.0,9845.0,90900.0,-95.239874,29.400342
4594758736,294,290,291,303,4.0,2010.0,,,,,106020.0,,2.5,15725.0,172500.0,-85.189807,42.277568
4594759120,295,291,292,304,3.0,1488.0,52800.0,,,,,,1.5,5490.0,180000.0,-78.830526,42.986196
4594759696,296,292,293,305,3.0,2552.0,,,,,997300.0,9594.0,4.0,70511.0,160000.0,-71.825841,41.329639
4594759984,297,293,294,306,3.0,1554.0,,,9008.0,142.0,,,1.0,0.0,0.0,-90.112945,32.46849
4594760752,298,294,295,307,2.0,830.0,,,,,179200.0,2186.0,1.0,6495.0,165000.0,-79.970906,37.264342
4594761136,299,295,296,308,0.0,1170.0,,,71700.0,1692.0,71700.0,1392.0,1.0,1040.0,55900.0,-76.682355,39.283838
